timestamp,name,address
1736780947409,Galaxy Watch6 (48CT),71:50:11:F3:CC:71
1736780947414,Galaxy Watch6 (0XVM),46:9D:44:90:2B:DB
1736780947414,Galaxy Watch6 (0M2P),44:E2:43:93:3F:97
1736780947415,Galaxy Watch6 (0XYP),65:5A:74:11:92:C6
1736780947416,Galaxy Watch6 (0YRJ),55:D8:D7:34:6B:A0
1736780947416,Galaxy Watch6 (B0VD),46:A3:8C:74:63:E9
1736780947417,Galaxy Watch4 (3LQF),56:97:5A:DB:C4:BB
1736780947417,Galaxy Watch6 (0MHL),5E:E9:CA:89:6D:9B
1736780947418,Galaxy Watch6 (0XFJ),66:FA:F6:7A:46:C3
1736780947419,Galaxy Watch6 (B0YJ),4D:D9:7F:10:43:B1
1736780947419,Galaxy Watch6 (0SEK),78:8A:F2:E9:A2:45
1736780947420,Galaxy Watch6 (0WCE),6C:E9:2E:F7:5A:C3
1736780947421,Galaxy Watch6 (B0SM),5A:0B:8B:B0:16:F1
1736780947421,Galaxy Watch6 (0RHZ),5D:E1:16:91:3D:5E
1736780947422,Galaxy Watch6 (486A),43:C3:BD:AF:C8:DA
1736780947422,Galaxy Watch6 (0S0P),4D:1D:80:6C:48:E5
1736780947423,Galaxy Watch6 (10PW),65:44:29:C9:F4:57
1736781072490,Galaxy Watch6 (0Y0H),5E:51:C6:E8:8D:4F
1736781072636,Galaxy Watch6 (0XVM),46:9D:44:90:2B:DB
1736781072638,Galaxy Watch6 (0WEY),69:6A:4E:4D:40:1D
1736781072641,Galaxy Watch6 (GHBP),74:A8:24:76:33:07
1736781072644,Galaxy Watch6 (B0YJ),4D:D9:7F:10:43:B1
1736781072686,Galaxy Watch6 (48CT),71:50:11:F3:CC:71
1736781072759,Galaxy Watch6 (10PW),65:44:29:C9:F4:57
1736781072761,Galaxy Watch6 (486A),43:C3:BD:AF:C8:DA
1736781072763,Galaxy Watch6 (0YRJ),55:D8:D7:34:6B:A0
1736781072764,Galaxy Watch6 (0RHZ),5D:E1:16:91:3D:5E
1736781072815,Galaxy Watch6 (B0SM),5A:0B:8B:B0:16:F1
1736781072836,Galaxy Watch6 (0MVY),48:24:8D:13:40:85
1736781072837,Galaxy Watch6 (0SEK),78:8A:F2:E9:A2:45
1736781072838,Galaxy Watch6 (B0VD),46:A3:8C:74:63:E9
1736781072839,Galaxy Watch6 (0T3P),4F:89:DE:EE:81:4A
1736781197927,Galaxy Watch6 (B17X),7A:EC:4C:83:39:FD
1736781197929,Galaxy Watch6 (B0YJ),4D:D9:7F:10:43:B1
1736781197931,Galaxy Watch4 (3LQF),65:B1:F9:0F:B3:84
1736781197932,Galaxy Watch6 (0WCE),6C:E9:2E:F7:5A:C3
1736781197934,Galaxy Watch6 (0XVM),46:9D:44:90:2B:DB
1736781197936,Galaxy Watch6 (0XYP),65:5A:74:11:92:C6
1736781197937,Galaxy Watch6 (0T3P),4F:89:DE:EE:81:4A
1736781197939,Galaxy Watch6 (10PW),65:44:29:C9:F4:57
1736781197941,Galaxy Watch6 (0WEY),69:6A:4E:4D:40:1D
1736781197943,Galaxy Watch6 (0YRJ),55:D8:D7:34:6B:A0
1736781323036,Galaxy Watch6 (0YRJ),55:D8:D7:34:6B:A0
1736781323038,Galaxy Watch6 (0T3P),4F:89:DE:EE:81:4A
1736781323041,Galaxy Watch6 (B0VD),46:A3:8C:74:63:E9
1736781323043,Galaxy Watch6 (0WEY),65:DE:8D:78:06:F4
1736781323046,Galaxy Watch6 (0RHZ),5D:E1:16:91:3D:5E
1736781323048,Galaxy Watch6 (B17X),7A:EC:4C:83:39:FD
1736781323051,Galaxy Watch6 (0Y0H),5E:51:C6:E8:8D:4F
1736781323054,Galaxy Watch6 (0XYP),65:5A:74:11:92:C6
1736781323056,Galaxy Watch6 (0SEK),78:8A:F2:E9:A2:45
1736781448118,Galaxy Watch6 (48CT),71:50:11:F3:CC:71
1736781448119,Galaxy Watch6 (0XVM),46:9D:44:90:2B:DB
1736781448119,Galaxy Watch6 (486A),43:C3:BD:AF:C8:DA
1736781448120,Galaxy Watch6 (B0VD),46:A3:8C:74:63:E9
1736781448121,Galaxy Watch6 (0Y0H),5E:51:C6:E8:8D:4F
1736781448121,Galaxy Watch6 (0M2P),44:E2:43:93:3F:97
1736781448122,Galaxy Watch6 (0YRJ),55:D8:D7:34:6B:A0
1736781448123,Galaxy Watch6 (0MHL),5E:E9:CA:89:6D:9B
1736781573200,Galaxy Watch6 (0Y0H),5E:51:C6:E8:8D:4F
1736781573203,Galaxy Watch6 (0WCE),6C:E9:2E:F7:5A:C3
1736781573205,Galaxy Watch6 (486A),43:C3:BD:AF:C8:DA
1736781573207,Galaxy Watch6 (0T3P),4F:89:DE:EE:81:4A
1736781573210,Galaxy Watch6 (48CT),71:50:11:F3:CC:71
1736781573212,Galaxy Watch6 (0S0P),72:6C:B2:1E:EE:4A
1736781573214,Galaxy Watch6 (0YRJ),55:D8:D7:34:6B:A0
1736781573216,Galaxy Watch6 (0MHL),5E:E9:CA:89:6D:9B
1736781573219,Galaxy Watch6 (0XVM),46:9D:44:90:2B:DB
1736781573221,Galaxy Watch6 (0RHZ),5D:E1:16:91:3D:5E
1736781573223,Galaxy Watch6 (0M2P),44:E2:43:93:3F:97
1736781573225,Galaxy Watch6 (0SEK),78:8A:F2:E9:A2:45
1736781573227,Galaxy Watch6 (B17X),7A:EC:4C:83:39:FD
1736781573229,Galaxy Watch6 (B0YJ),7A:86:ED:96:8B:2F
1736781698323,Galaxy Watch6 (B0YJ),56:24:D7:E1:65:30
1736781698324,Galaxy Watch6 (B0YJ),7A:86:ED:96:8B:2F
1736781698325,Galaxy Watch6 (0YRJ),55:D8:D7:34:6B:A0
1736781698326,Galaxy Watch6 (0XYP),65:5A:74:11:92:C6
1736781698327,Galaxy Watch6 (0S0P),72:6C:B2:1E:EE:4A
1736781698329,Galaxy Watch6 (GHBP),74:A8:24:76:33:07
1736781698330,Galaxy Watch6 (0Y0H),5E:51:C6:E8:8D:4F
1736781698330,Galaxy Watch6 (0WCE),6C:E9:2E:F7:5A:C3
1736781823406,Galaxy Watch6 (B0YJ),56:24:D7:E1:65:30
1736781823406,Galaxy Watch6 (0RHZ),5D:E1:16:91:3D:5E
1736781823407,Galaxy Watch6 (0MVY),4A:DE:AB:55:09:44
1736781823408,Galaxy Watch6 (B0VD),60:8B:7C:ED:28:37
1736781823409,Galaxy Watch6 (0MHL),5E:E9:CA:89:6D:9B
1736781823410,Galaxy Watch6 (B17X),5D:64:BB:6A:93:D3
1736781823410,Galaxy Watch6 (B0SM),5A:0B:8B:B0:16:F1
1736781823411,Galaxy Watch6 (10PW),65:44:29:C9:F4:57
1736781823411,Galaxy Watch6 (0SEK),78:8A:F2:E9:A2:45
1736781823412,Galaxy Watch6 (0XYP),65:5A:74:11:92:C6
1736781823412,Galaxy Watch6 (0M2P),44:E2:43:93:3F:97
1736781823413,Galaxy Watch6 (0WEY),65:DE:8D:78:06:F4
1736781823413,Galaxy Watch6 (0WCE),6C:E9:2E:F7:5A:C3
1736781823414,Galaxy Watch6 (486A),43:C3:BD:AF:C8:DA
1736781823414,Galaxy Watch6 (B0YJ),7A:86:ED:96:8B:2F
1736781823415,Galaxy Watch6 (0YRJ),55:D8:D7:34:6B:A0
1736781823415,Galaxy Watch6 (48CT),64:99:40:8F:F4:88
1736781823415,Galaxy Watch6 (0XFJ),66:FA:F6:7A:46:C3
1736781823416,Galaxy Watch6 (0XVM),46:9D:44:90:2B:DB
1736781948483,Galaxy Watch6 (0S0P),72:6C:B2:1E:EE:4A
1736781948485,Galaxy Watch6 (0WCE),6C:E9:2E:F7:5A:C3
1736781948487,Galaxy Watch6 (0XVM),46:9D:44:90:2B:DB
1736781948490,Galaxy Watch6 (B0VD),60:8B:7C:ED:28:37
1736781948492,Galaxy Watch6 (B17X),5D:64:BB:6A:93:D3
1736781948493,Galaxy Watch6 (0XYP),65:5A:74:11:92:C6
1736781948496,Galaxy Watch6 (0M2P),44:E2:43:93:3F:97
1736781948498,Galaxy Watch6 (0T3P),4F:89:DE:EE:81:4A
1736781948499,Galaxy Watch6 (0Y0H),6E:F7:37:C4:83:3E
1736781948502,Galaxy Watch6 (0WEY),65:DE:8D:78:06:F4
1736781948504,Galaxy Watch6 (B0YJ),56:24:D7:E1:65:30
1736781948507,Galaxy Watch6 (0XFJ),66:FA:F6:7A:46:C3
1736781948509,Galaxy Watch6 (0SEK),78:8A:F2:E9:A2:45
1736781948511,Galaxy Watch6 (B0YJ),7A:86:ED:96:8B:2F
1736781948513,Galaxy Watch6 (10PW),65:44:29:C9:F4:57
1736781948516,Galaxy Watch6 (48CT),64:99:40:8F:F4:88
1736782073633,Galaxy Watch6 (0S0P),72:6C:B2:1E:EE:4A
1736782073636,Galaxy Watch6 (0WCE),6C:E9:2E:F7:5A:C3
1736782073639,Galaxy Watch6 (0RHZ),5D:E1:16:91:3D:5E
1736782073641,Galaxy Watch6 (B0VD),60:8B:7C:ED:28:37
1736782073645,Galaxy Watch6 (0Y0H),6E:F7:37:C4:83:3E
1736782073647,Galaxy Watch6 (B0YJ),56:24:D7:E1:65:30
1736782073649,Galaxy Watch6 (0XVM),46:9D:44:90:2B:DB
1736782073651,Galaxy Watch6 (0XFJ),66:FA:F6:7A:46:C3
1736782073653,Galaxy Watch6 (B17X),5D:64:BB:6A:93:D3
1736782073655,Galaxy Watch6 (B0SM),70:BE:4C:C0:E2:F1
1736782073658,Galaxy Watch6 (0WEY),65:DE:8D:78:06:F4
1736782073660,Galaxy Watch6 (0SEK),78:8A:F2:E9:A2:45
1736782073663,Galaxy Watch6 (GHBP),74:A8:24:76:33:07
1736782073666,Galaxy Watch6 (B0YJ),7A:86:ED:96:8B:2F
1736782073669,Galaxy Watch6 (0YRJ),55:D8:D7:34:6B:A0
1736782073671,Galaxy Watch6 (0T3P),4F:89:DE:EE:81:4A
1736782073673,Galaxy Watch6 (10PW),65:44:29:C9:F4:57
1736782198733,Galaxy Watch6 (48CT),64:99:40:8F:F4:88
1736782198735,Galaxy Watch6 (486A),43:C3:BD:AF:C8:DA
1736782323786,Galaxy Watch6 (0T3P),4F:89:DE:EE:81:4A
1736782323788,Galaxy Watch6 (0WCE),6C:E9:2E:F7:5A:C3
1736782323791,Galaxy Watch6 (10PW),65:44:29:C9:F4:57
1736782323793,Galaxy Watch6 (0RHZ),5D:E1:16:91:3D:5E
1736782323796,Galaxy Watch6 (48CT),64:99:40:8F:F4:88
1736782323798,Galaxy Watch6 (0YRJ),55:D8:D7:34:6B:A0
1736782323801,Galaxy Watch6 (0WEY),65:DE:8D:78:06:F4
1736782323804,Galaxy Watch6 (B0YJ),56:24:D7:E1:65:30
1736782323806,Galaxy Watch6 (0XYP),65:5A:74:11:92:C6
1736782323808,Galaxy Watch6 (GHBP),74:A8:24:76:33:07
1736782323810,Galaxy Watch6 (0XFJ),66:FA:F6:7A:46:C3
1736782323813,Galaxy Watch6 (B0YJ),7A:86:ED:96:8B:2F
1736782323815,Galaxy Watch4 (3LQF),69:33:29:4D:9A:43
1736782323818,Galaxy Watch6 (486A),43:C3:BD:AF:C8:DA
1736782323820,Galaxy Watch6 (0Y0H),6E:F7:37:C4:83:3E
1736782323823,Galaxy Watch6 (0S0P),72:6C:B2:1E:EE:4A
1736782482704,Galaxy Watch4 (3LQF),69:33:29:4D:9A:43
1736782482705,Galaxy Watch6 (0M2P),44:E2:43:93:3F:97
